garment_zh	group_zh	option_zh	english_path
西装上衣	下摆开角大小	大开角下摆	jacket/hem-opening/wide-open-quarter-hem.jpeg
西装上衣	下摆开角大小	小开角下摆	jacket/hem-opening/narrow-open-quarter-hem.jpeg
西装上衣	下摆开角大小	标准下摆	jacket/hem-opening/standard-hem.jpeg
西装上衣	口袋款式	双牙兜	jacket/pocket-style/double-welt-pocket.png
西装上衣	口袋款式	双牙兜票据兜	jacket/pocket-style/double-welt-pocket-with-ticket-pocket.gif
西装上衣	口袋款式	双牙斜兜票据兜	jacket/pocket-style/slanted-double-welt-pocket-with-ticket-pocket.gif
西装上衣	口袋款式	斜兜	jacket/pocket-style/slanted-pocket.gif
西装上衣	口袋款式	斜兜票据兜	jacket/pocket-style/slanted-pocket-with-ticket-pocket.gif
西装上衣	口袋款式	明贴兜	jacket/pocket-style/patch-pocket.gif
西装上衣	口袋款式	标准兜	jacket/pocket-style/flap-pocket.gif
西装上衣	口袋款式	标准兜票据兜	jacket/pocket-style/flap-pocket-with-ticket-pocket.gif
西装上衣	正面款式	单排一粒扣	jacket/front-style/single-breasted-one-button.jpeg
西装上衣	正面款式	单排三粒扣	jacket/front-style/single-breasted-three-button.jpeg
西装上衣	正面款式	单排两粒扣	jacket/front-style/single-breasted-two-button.jpeg
西装上衣	正面款式	单排四粒扣	jacket/front-style/single-breasted-four-button.jpeg
西装上衣	正面款式	双排六扣二	jacket/front-style/double-breasted-six-button-two-fastening.jpeg
西装上衣	正面款式	双排六扣四	jacket/front-style/double-breasted-six-button-four-fastening.jpeg
西装上衣	正面款式	双排四扣二	jacket/front-style/double-breasted-four-button-two-fastening.jpeg
西装上衣	正面款式	双排四扣四	jacket/front-style/double-breasted-four-button-four-fastening.jpeg
西装上衣	毛衬	全麻衬	jacket/canvas-construction/full-canvas.jpeg
西装上衣	毛衬	半麻衬	jacket/canvas-construction/half-canvas.jpeg
西装上衣	毛衬	粘合衬	jacket/canvas-construction/fused-construction.jpeg
西装上衣	肩膀样式	法式翘肩	jacket/shoulder-style/french-roped-shoulder.jpeg
西装上衣	肩膀样式	自然肩	jacket/shoulder-style/natural-shoulder.jpeg
西装上衣	胸兜款式	双牙兜	jacket/breast-pocket-style/double-welt-pocket.png
西装上衣	胸兜款式	弧形兜	jacket/breast-pocket-style/curved-breast-pocket.png
西装上衣	胸兜款式	直兜	jacket/breast-pocket-style/straight-breast-pocket.png
西装上衣	袖叉款式	假扣眼	jacket/sleeve-buttonholes/non-functional-buttonholes.jpeg
西装上衣	袖叉款式	无扣眼	jacket/sleeve-buttonholes/no-buttonholes.jpeg
西装上衣	袖叉款式	真扣眼	jacket/sleeve-buttonholes/functional-buttonholes.jpeg
西装上衣	西服开衩选择	不开衩	jacket/vents/ventless.jpeg
西装上衣	西服开衩选择	单开衩	jacket/vents/single-center-vent.jpeg
西装上衣	西服开衩选择	双开衩	jacket/vents/double-side-vents.jpeg
西装上衣	西服背面款式	T型后背	jacket/back-style/t-shaped-back.jpeg
西装上衣	西服背面款式	后腰固定腰带	jacket/back-style/fixed-back-belt.jpeg
西装上衣	西服背面款式	后腰带捏褶	jacket/back-style/pleated-back-belt.jpeg
西装上衣	西服背面款式	常规后背	jacket/back-style/plain-back.png
西装上衣	里布位置	三分之一里布	jacket/lining/one-third-lined.jpeg
西装上衣	里布位置	二分之一里布	jacket/lining/half-lined.jpeg
西装上衣	里布位置	全里布	jacket/lining/fully-lined.jpeg
西装上衣	里布位置	四分之一里布	jacket/lining/quarter-lined.jpeg
西装上衣	驳头款式	平驳领	jacket/lapel-style/notch-lapel.jpeg
西装上衣	驳头款式	戗驳领	jacket/lapel-style/peak-lapel.jpeg
西装上衣	驳头款式	青果领	jacket/lapel-style/shawl-lapel.jpeg
西裤	扣型	双扣意式腰头	trousers/waistband-style/double-button-italian-waistband.jpg
西裤	扣型	圆腰头	trousers/waistband-style/rounded-waistband.jpg
西裤	扣型	好莱坞腰头	trousers/waistband-style/hollywood-waistband.jpg
西裤	扣型	宝剑头	trousers/waistband-style/pointed-extended-waistband.jpg
西裤	扣型	平腰头	trousers/waistband-style/plain-waistband.jpg
西裤	扣型	廓尔格腰头	trousers/waistband-style/gurkha-waistband.jpg
西裤	裤型	喇叭裤型	trousers/trouser-cut/flared-leg.jpeg
西裤	裤型	标准裤型	trousers/trouser-cut/regular-fit.jpeg
西裤	裤型	直筒裤型	trousers/trouser-cut/straight-leg.jpeg
西裤	裤型	锥状裤型	trousers/trouser-cut/tapered-leg.jpeg
西裤	裤脚	毛边	trousers/trouser-hem/unfinished-hem.jpeg
西裤	裤脚	裤脚口内折边	trousers/trouser-hem/plain-hem.jpeg
西裤	裤脚	裤脚口外翻翘	trousers/trouser-hem/turn-up-cuff.jpeg
西裤	裤脚	靴裤脚口	trousers/trouser-hem/bootcut-hem.jpeg
西裤	裤脚口	裤脚口三角开口	trousers/hem-opening/triangular-split-hem.jpeg
西裤	裤脚口	裤脚口打开	trousers/hem-opening/open-hem.jpeg
西裤	褶皱	三褶皱	trousers/pleats/triple-pleat.jpeg
西裤	褶皱	单褶皱	trousers/pleats/single-pleat.jpeg
西裤	褶皱	双褶皱	trousers/pleats/double-pleat.jpeg
西裤	褶皱	无褶皱	trousers/pleats/flat-front.jpeg
马甲	马甲下摆	尖摆	waistcoat/hem-style/pointed-hem.jpeg
马甲	马甲下摆	平摆	waistcoat/hem-style/straight-hem.jpeg
马甲	马甲口袋数量	单胸兜	waistcoat/pocket-count/single-breast-pocket.jpeg
马甲	马甲口袋数量	双胸兜	waistcoat/pocket-count/double-breast-pockets.jpeg
马甲	马甲口袋数量	无胸兜	waistcoat/pocket-count/no-breast-pockets.jpeg
马甲	马甲口袋款式	双牙兜	waistcoat/pocket-style/double-welt-pocket.jpeg
马甲	马甲口袋款式	带兜盖	waistcoat/pocket-style/flap-pocket.jpeg
马甲	马甲口袋款式	标准兜	waistcoat/pocket-style/welt-pocket.jpeg
马甲	马甲款式	双排六扣三	waistcoat/waistcoat-style/double-breasted-six-button-three-fastening.jpeg
马甲	马甲款式	圆形三粒扣	waistcoat/waistcoat-style/rounded-three-button.jpeg
马甲	马甲款式	平驳领五粒扣	waistcoat/waistcoat-style/five-button-notch-lapel.jpeg
马甲	马甲款式	平驳领六扣三(1)	waistcoat/waistcoat-style/six-button-three-fastening-notch-lapel-alt.jpeg
马甲	马甲款式	平驳领六扣三	waistcoat/waistcoat-style/six-button-three-fastening-notch-lapel.jpeg
马甲	马甲款式	戗驳领五粒扣	waistcoat/waistcoat-style/five-button-peak-lapel.jpeg
马甲	马甲款式	戗驳领六扣三	waistcoat/waistcoat-style/six-button-three-fastening-peak-lapel.jpeg
马甲	马甲款式	标准五粒扣	waistcoat/waistcoat-style/classic-five-button.jpeg
马甲	马甲款式	青果领三粒扣	waistcoat/waistcoat-style/three-button-shawl-lapel.jpeg
衬衫	下摆	圆摆	shirt/hem-style/shirt-tail-hem.jpeg
衬衫	下摆	圆摆宝剑头贴	shirt/hem-style/shirt-tail-hem-pointed-gusset.png
衬衫	下摆	圆摆贴三角	shirt/hem-style/shirt-tail-hem-triangle-gusset.png
衬衫	下摆	平摆	shirt/hem-style/straight-hem.jpeg
衬衫	侧缝工艺	手工包缝	shirt/side-seam-finish/hand-felled-side-seam.png
衬衫	前幅门襟	明门襟2.5	shirt/front-placket/front-placket-25mm.jpeg
衬衫	前幅门襟	明门襟默认3.0	shirt/front-placket/front-placket-30mm.jpeg
衬衫	前幅门襟	暗门襟	shirt/front-placket/concealed-placket.jpeg
衬衫	前幅门襟	翻门襟	shirt/front-placket/french-front.jpeg
衬衫	口袋	三角袋	shirt/pocket-style/three-point-pocket.jpeg
衬衫	口袋	六角袋	shirt/pocket-style/six-point-pocket.jpeg
衬衫	口袋	圆口袋	shirt/pocket-style/rounded-pocket.jpeg
衬衫	后幅	后反字折	shirt/back-style/inverted-box-pleat.jpeg
衬衫	后幅	后工字折到底	shirt/back-style/full-length-box-pleat.jpeg
衬衫	后幅	后腰收腰省	shirt/back-style/back-darts.jpeg
衬衫	后幅	工字折	shirt/back-style/box-pleat.png
衬衫	后幅	意式后片碎折	shirt/back-style/italian-back-gathers.jpeg
衬衫	后幅	打双折	shirt/back-style/double-back-pleats.png
衬衫	后幅	无折无省	shirt/back-style/plain-back.jpeg
衬衫	后担干	担干八字拼接	shirt/back-yoke/split-yoke.jpeg
衬衫	后担干	正常担干	shirt/back-yoke/standard-yoke.jpeg
衬衫	字体	509	shirt/monogram-font/font-509.jpeg
衬衫	字体	511	shirt/monogram-font/font-511.jpeg
衬衫	字体	512	shirt/monogram-font/font-512.jpeg
衬衫	字体	图片	shirt/monogram-font/custom-image.jpeg
衬衫	文字位置	口袋	shirt/monogram-position/pocket.jpeg
衬衫	文字位置	后领中	shirt/monogram-position/center-back-collar.jpeg
衬衫	文字位置	左前胸	shirt/monogram-position/left-chest.jpeg
衬衫	文字位置	左袖口中	shirt/monogram-position/center-left-cuff.png
衬衫	文字位置	左袖口左	shirt/monogram-position/left-side-left-cuff.png
衬衫	文字位置	左领尖	shirt/monogram-position/left-collar-point.jpeg
衬衫	文字位置	领下底门襟	shirt/monogram-position/lower-placket-below-collar.jpeg
衬衫	礼服打条	礼服打条	shirt/tuxedo-pleats/tuxedo-front-pleats.jpeg
衬衫	袖口	单层圆角法式	shirt/cuff-style/single-layer-rounded-french-cuff.jpeg
衬衫	袖口	圆角三扣	shirt/cuff-style/rounded-three-button-cuff.png
衬衫	袖口	圆角单扣	shirt/cuff-style/rounded-one-button-cuff.jpeg
衬衫	袖口	圆角双扣	shirt/cuff-style/rounded-two-button-cuff.jpeg
衬衫	袖口	圆角法式袖口	shirt/cuff-style/rounded-french-cuff.jpeg
衬衫	袖口	大圆角	shirt/cuff-style/large-rounded-cuff.png
衬衫	袖口	意式法式袖2#	shirt/cuff-style/italian-french-cuff-style-2.png
衬衫	袖口	意式法式袖3#	shirt/cuff-style/italian-french-cuff-style-3.png
衬衫	袖口	斜角三扣	shirt/cuff-style/angled-three-button-cuff.png
衬衫	袖口	斜角单扣	shirt/cuff-style/angled-one-button-cuff.jpeg
衬衫	袖口	斜角双扣	shirt/cuff-style/angled-two-button-cuff.jpeg
衬衫	袖口	斜角法袖	shirt/cuff-style/angled-french-cuff.png
衬衫	袖口	方角月牙袖口	shirt/cuff-style/square-crescent-cuff.png
衬衫	袖口	直角三扣	shirt/cuff-style/square-three-button-cuff.png
衬衫	袖口	直角单扣	shirt/cuff-style/square-one-button-cuff.jpeg
衬衫	袖口	直角双扣	shirt/cuff-style/square-two-button-cuff.jpeg
衬衫	袖口	直角法式袖	shirt/cuff-style/square-french-cuff.jpeg
衬衫	袖口折	单折	shirt/cuff-pleats/single-cuff-pleat.jpeg
衬衫	袖口折	双折	shirt/cuff-pleats/double-cuff-pleat.png
衬衫	袖口折	意式三折	shirt/cuff-pleats/italian-triple-cuff-pleat.jpeg
衬衫	袖口折	意式碎折	shirt/cuff-pleats/italian-cuff-gathers.png
衬衫	袖山意式碎折	袖山意式碎折	shirt/spalla-camicia/spalla-camicia-gathers.png
衬衫	错位上袖	需要	shirt/offset-sleeve-setting/required.jpeg
衬衫	领型	中八领(7.1)	shirt/collar-style/medium-spread-collar-71mm.jpeg
衬衫	领型	伊顿领(6.0)	shirt/collar-style/eton-rounded-collar-60mm.png
衬衫	领型	古巴领	shirt/collar-style/cuban-collar.png
衬衫	领型	大八领(8.0)	shirt/collar-style/wide-spread-collar-80mm.jpeg
衬衫	领型	大尖领(8.0)	shirt/collar-style/long-point-collar-80mm.jpeg
衬衫	领型	小八领(5.7)	shirt/collar-style/narrow-spread-collar-57mm.jpeg
衬衫	领型	意式一片领(9.5)	shirt/collar-style/italian-one-piece-collar-95mm.png
衬衫	领型	意式温莎领(8.2)	shirt/collar-style/italian-cutaway-collar-82mm.png
衬衫	领型	意式长尖领(10)	shirt/collar-style/italian-long-point-collar-100mm.png
衬衫	领型	标准领	shirt/collar-style/classic-point-collar.jpeg
衬衫	领型	法式温莎领(8.0)	shirt/collar-style/french-cutaway-collar-80mm.jpeg
衬衫	领型	燕子领(5.9)	shirt/collar-style/swallow-collar-59mm.png
衬衫	领型	立领圆角带扣(3.4)	shirt/collar-style/rounded-tab-band-collar-34mm.jpeg
衬衫	领型	针孔领(11.5)	shirt/collar-style/pinhole-collar-115mm.png
衬衫	领型	雅致一字领(8.5×3.5)	shirt/collar-style/extreme-cutaway-collar-85x35mm.jpeg
衬衫	领插片	固定内插片	shirt/collar-stays/sewn-in-collar-stays.png
衬衫	领插片	无插片	shirt/collar-stays/no-collar-stays.png
衬衫	领插片	活动外插片	shirt/collar-stays/removable-collar-stays.png
衬衫	领插片	领尖外扣	shirt/collar-stays/button-down-collar.png
衬衫	领插片	领尖底扣	shirt/collar-stays/hidden-button-down-collar.png
衬衫	鸡爪扣钉	鸡爪扣	shirt/crow-foot-button-stitching/crow-foot-button-stitching.jpg
